Workbook

Sheet PM Dashboard
B3: FUEL SUBSIDY DASHBOARD | G3: LAST UPDATED
B4: Prime Minister's Office | G4: =IF('Processed by SBP'!G3<>"",TEXT('Processed by SBP'!G3,"DD-MMM-YYYY HH:MM")&" hrs",TEXT(NOW(),"DD-MMM-YYYY HH:MM")&" hrs") -> 07-Apr-2026 16:16 hrs
B7: RECEIVED FROM ALL ETOs | D7: SENT TO SBP | E7: RETURNED BY SBP | F7: BALANCE WITH SBP | G7: QTY PROCESSED BY SBP | H7: AMOUNT DISBURSED BY SBP | I7: QTY PENDING WITH SBP
B8: ='Recd from ETO'!D52 -> 127011 | D8: ='Sent to SBP'!D52 -> 127011 | E8: ='Returned by SBP'!C49 -> 460 | F8: =D8-E8-G8 -> 126551 | G8: ='Processed by SBP'!D50 -> 0 | H8: ='Processed by SBP'!F50 -> 0 | I8: =D8-G8 -> 127011
B9: ="CNIC: "&TEXT('Recd from ETO'!E52,"#,##0") -> CNIC: 113,989 | C9: ="NTN: "&TEXT('Recd from ETO'!F52,"#,##0") -> NTN: 13,022
B11: PROVINCE-WISE OVERVIEW
B12: Province | C12: Sent to SBP | D12: Returned by SBP | E12: Balance with SBP | F12: Qty Processed by SBP | G12: Amount Disbursed by SBP | H12: Pending with SBP
B13: Punjab | C13: ='Sent to SBP'!D10 -> 85834 | D13: ='Returned by SBP'!C7 -> 0 | E13: =C13-D13-F13 -> 85834 | F13: ='Processed by SBP'!D8 -> 0 | G13: ='Processed by SBP'!F8 -> 0 | H13: =C13-F13 -> 85834
B14: Sindh | C14: ='Sent to SBP'!D16 -> 0 | D14: ='Returned by SBP'!C13 -> 0 | E14: =C14-D14-F14 -> 0 | F14: ='Processed by SBP'!D14 -> 0 | G14: ='Processed by SBP'!F14 -> 0 | H14: =C14-F14 -> 0
B15: Balochistan | C15: ='Sent to SBP'!D22 -> 0 | D15: ='Returned by SBP'!C19 -> 460 | E15: =C15-D15-F15 -> -460 | F15: ='Processed by SBP'!D20 -> 0 | G15: ='Processed by SBP'!F20 -> 0 | H15: =C15-F15 -> 0
B16: KPK | C16: ='Sent to SBP'!D28 -> 0 | D16: ='Returned by SBP'!C25 -> 0 | E16: =C16-D16-F16 -> 0 | F16: ='Processed by SBP'!D26 -> 0 | G16: ='Processed by SBP'!F26 -> 0 | H16: =C16-F16 -> 0
B17: ICT | C17: ='Sent to SBP'!D34 -> 49 | D17: ='Returned by SBP'!C31 -> 0 | E17: =C17-D17-F17 -> 49 | F17: ='Processed by SBP'!D32 -> 0 | G17: ='Processed by SBP'!F32 -> 0 | H17: =C17-F17 -> 49
B18: AJK | C18: ='Sent to SBP'!D40 -> 995 | D18: ='Returned by SBP'!C37 -> 0 | E18: =C18-D18-F18 -> 995 | F18: ='Processed by SBP'!D38 -> 0 | G18: ='Processed by SBP'!F38 -> 0 | H18: =C18-F18 -> 995
B19: GB | C19: ='Sent to SBP'!D46 -> 18297 | D19: ='Returned by SBP'!C43 -> 0 | E19: =C19-D19-F19 -> 18297 | F19: ='Processed by SBP'!D44 -> 0 | G19: ='Processed by SBP'!F44 -> 0 | H19: =C19-F19 -> 18297
B20: TOTAL | C20: =SUM(C13:C19) -> 105175 | D20: =SUM(D13:D19) -> 460 | E20: =C20-D20-F20 -> 104715 | F20: =SUM(F13:F19) -> 0 | G20: =SUM(G13:G19) -> 0 | H20: =C20-F20 -> 105175
B22: VEHICLE TYPE BREAKDOWN
B23: Vehicle Type | C23: Sent to SBP | D23: Returned by SBP | E23: Balance with SBP | F23: Qty Processed by SBP | G23: Amount Disbursed by SBP | H23: Pending with SBP
B24: Truck | C24: ='Sent to SBP'!D47 -> 41472 | D24: ='Returned by SBP'!C44 -> 0 | E24: =C24-D24-F24 -> 41472 | F24: ='Processed by SBP'!D45 -> 0 | G24: ='Processed by SBP'!F45 -> 0 | H24: =C24-F24 -> 41472
B25: Long-Wheel Truck | C25: ='Sent to SBP'!D48 -> 2035 | D25: ='Returned by SBP'!C45 -> 0 | E25: =C25-D25-F25 -> 2035 | F25: ='Processed by SBP'!D46 -> 0 | G25: ='Processed by SBP'!F46 -> 0 | H25: =C25-F25 -> 2035
B26: Public Service Buses | C26: ='Sent to SBP'!D49 -> 5559 | D26: ='Returned by SBP'!C46 -> 460 | E26: =C26-D26-F26 -> 5099 | F26: ='Processed by SBP'!D47 -> 0 | G26: ='Processed by SBP'!F47 -> 0 | H26: =C26-F26 -> 5559
B27: Minibus/Wagon | C27: ='Sent to SBP'!D50 -> 12259 | D27: ='Returned by SBP'!C47 -> 0 | E27: =C27-D27-F27 -> 12259 | F27: ='Processed by SBP'!D48 -> 0 | G27: ='Processed by SBP'!F48 -> 0 | H27: =C27-F27 -> 12259
B28: Delivery Van/Loader | C28: ='Sent to SBP'!D51 -> 43850 | D28: ='Returned by SBP'!C48 -> 0 | E28: =C28-D28-F28 -> 43850 | F28: ='Processed by SBP'!D49 -> 0 | G28: ='Processed by SBP'!F49 -> 0 | H28: =C28-F28 -> 43850
B29: TOTAL | C29: =SUM(C24:C28) -> 105175 | D29: =SUM(D24:D28) -> 460 | E29: =C29-D29-F29 -> 104715 | F29: =SUM(F24:F28) -> 0 | G29: =SUM(G24:G28) -> 0 | H29: =C29-F29 -> 105175
B31: SBP PROCESSING PIPELINE BY PROVINCE

Sheet Recd from ETO
B2: Route Permit Data Received by PDA from ETO
D4: Total | E4: CNIC | F4: NTN | G4: Other | H4: Time Received
B5: Punjab | C5: Truck | D5: =SUM(E5,F5) -> 26952 | E5: 23833 | F5: 3119
C6: Long-Wheel Truck | D6: =SUM(E6,F6) -> 1342 | E6: 1252 | F6: 90
C7: Public Service Buses | D7: =SUM(E7,F7) -> 5364 | E7: 4124 | F7: 1240
C8: Minibus/Wagon | D8: =SUM(E8,F8) -> 10309 | E8: 9915 | F8: 394
C9: Delivery Van/Loader | D9: =SUM(E9,F9) -> 41867 | E9: 33690 | F9: 8177
C10: Total | D10: =SUM(E10,F10) -> 85834 | E10: 72814 | F10: 13020
B11: Sindh | C11: Truck | D11: =SUM(E11,F11) -> 0
C12: Long-Wheel Truck | D12: =SUM(E12,F12) -> 0
C13: Public Service Buses | D13: =SUM(E13,F13) -> 0
C14: Minibus/Wagon | D14: =SUM(E14,F14) -> 0
C15: Delivery Van/Loader | D15: =SUM(E15,F15) -> 0
C16: Total | D16: =SUM(E16,F16) -> 0
B17: Balochistan | C17: Truck | D17: =SUM(E17,F17) -> 0
C18: Long-Wheel Truck | D18: =SUM(E18,F18) -> 0
C19: Public Service Buses | D19: =SUM(E19,F19) -> 0
C20: Minibus/Wagon | D20: =SUM(E20,F20) -> 0
C21: Delivery Van/Loader | D21: =SUM(E21,F21) -> 0
C22: Total | D22: =SUM(E22,F22) -> 0
B23: KPK | C23: Truck | D23: =SUM(E23,F23) -> 11296 | E23: 11296
C24: Long-Wheel Truck | D24: =SUM(E24,F24) -> 46 | E24: 46
C25: Public Service Buses | D25: =SUM(E25,F25) -> 354 | E25: 354
C26: Minibus/Wagon | D26: =SUM(E26,F26) -> 3395 | E26: 3395
C27: Delivery Van/Loader | D27: =SUM(E27,F27) -> 16445 | E27: 16445
C28: Total | D28: =SUM(E28,F28) -> 31536 | E28: 31536
B29: ICT | C29: Truck | D29: =SUM(E29,F29) -> 0
C30: Long-Wheel Truck | D30: =SUM(E30,F30) -> 0
C31: Public Service Buses | D31: =SUM(E31,F31) -> 0
C32: Minibus/Wagon | D32: =SUM(E32,F32) -> 14 | E32: 13 | F32: 1
C33: Delivery Van/Loader | D33: =SUM(E33,F33) -> 35 | E33: 34 | F33: 1
C34: Total | D34: =SUM(E34,F34) -> 49 | E34: 47 | F34: 2
B35: AJK | C35: Truck | D35: =SUM(E35,F35) -> 781 | E35: 781 | F35: 0
C36: Long-Wheel Truck | D36: =SUM(E36,F36) -> 33 | E36: 33 | F36: 0
C37: Public Service Buses | D37: =SUM(E37,F37) -> 17 | E37: 17 | F37: 0
C38: Minibus/Wagon | D38: =SUM(E38,F38) -> 164 | E38: 164 | F38: 0
C39: Delivery Van/Loader | D39: =SUM(E39,F39) -> 0 | E39: 0 | F39: 0
C40: Total | D40: =SUM(E40,F40) -> 995 | E40: 995
B41: GB | C41: Truck | D41: =SUM(E41,F41) -> 7707 | E41: 7707 | F41: 0 | G41: 5882
C42: Long-Wheel Truck | D42: =SUM(E42,F42) -> 469 | E42: 469 | F42: 0 | G42: 191
C43: Public Service Buses | D43: =SUM(E43,F43) -> 54 | E43: 54 | F43: 0 | G43: 124
C44: Minibus/Wagon | D44: =SUM(E44,F44) -> 155 | E44: 155 | F44: 0 | G44: 300
C45: Delivery Van/Loader | D45: =SUM(E45,F45) -> 212 | E45: 212 | F45: 0 | G45: 502
C46: Total | D46: =SUM(E46,F46) -> 8597 | E46: 8597 | F46: 0 | G46: 6999
B47: Total | C47: Truck | D47: =SUM(E47,F47) -> 46736 | E47: =E5+E11+E17+E23+E29+E35+E41 -> 43617 | F47: =F5+F11+F17+F23+F29+F35+F41 -> 3119 | G47: =G5+G11+G17+G23+G29+G35+G41 -> 5882
C48: Long-Wheel Truck | D48: =SUM(E48,F48) -> 1890 | E48: =E6+E12+E18+E24+E30+E36+E42 -> 1800 | F48: =F6+F12+F18+F24+F30+F36+F42 -> 90 | G48: =G6+G12+G18+G24+G30+G36+G42 -> 191
C49: Public Service Buses | D49: =SUM(E49,F49) -> 5789 | E49: =E7+E13+E19+E25+E31+E37+E43 -> 4549 | F49: =F7+F13+F19+F25+F31+F37+F43 -> 1240 | G49: =G7+G13+G19+G25+G31+G37+G43 -> 124
C50: Minibus/Wagon | D50: =SUM(E50,F50) -> 14037 | E50: =E8+E14+E20+E26+E32+E38+E44 -> 13642 | F50: =F8+F14+F20+F26+F32+F38+F44 -> 395 | G50: =G8+G14+G20+G26+G32+G38+G44 -> 300
C51: Delivery Van/Loader | D51: =SUM(E51,F51) -> 58559 | E51: =E9+E15+E21+E27+E33+E39+E45 -> 50381 | F51: =F9+F15+F21+F27+F33+F39+F45 -> 8178 | G51: =G9+G15+G21+G27+G33+G39+G45 -> 502
C52: Total | D52: =SUM(E52,F52) -> 127011 | E52: =E10+E16+E22+E28+E34+E40+E46 -> 113989 | F52: =F10+F16+F22+F28+F34+F40+F46 -> 13022 | G52: =G10+G16+G22+G28+G34+G40+G46 -> 6999

Sheet Sent to SBP
B2: Sent to SBP
D4: Total | E4: CNIC | F4: NTN | G4: Other | H4: Time Received
B5: Punjab | C5: Truck | D5: 26952 | E5: 23833 | F5: 3119
C6: Long-Wheel Truck | D6: 1342 | E6: 1252 | F6: 90
C7: Public Service Buses | D7: 5364 | E7: 4124 | F7: 1240
C8: Minibus/Wagon | D8: 10309 | E8: 9915 | F8: 394
C9: Delivery Van/Loader | D9: 41867 | E9: 33690 | F9: 8177
C10: Total | D10: 85834 | E10: 72814 | F10: 13020
B11: Sindh | C11: Truck
C12: Long-Wheel Truck
C13: Public Service Buses
C14: Minibus/Wagon
C15: Delivery Van/Loader
C16: Total
B17: Balochistan | C17: Truck
C18: Long-Wheel Truck
C19: Public Service Buses
C20: Minibus/Wagon
C21: Delivery Van/Loader
C22: Total
B23: KPK | C23: Truck | E23: 11296
C24: Long-Wheel Truck | E24: 46
C25: Public Service Buses | E25: 354
C26: Minibus/Wagon | E26: 3395
C27: Delivery Van/Loader | E27: 16445
C28: Total | E28: 31536
B29: ICT | C29: Truck
C30: Long-Wheel Truck
C31: Public Service Buses
C32: Minibus/Wagon | D32: 14 | E32: 13 | F32: 1
C33: Delivery Van/Loader | D33: 35 | E33: 34 | F33: 1
C34: Total | D34: 49 | E34: 47 | F34: 2
B35: AJK | C35: Truck | D35: 781 | E35: 781 | F35: 0
C36: Long-Wheel Truck | D36: 33 | E36: 33 | F36: 0
C37: Public Service Buses | D37: 17 | E37: 17 | F37: 0
C38: Minibus/Wagon | D38: 164 | E38: 164 | F38: 0
C39: Delivery Van/Loader | D39: 0 | E39: 0 | F39: 0
C40: Total | D40: 995 | E40: 995
B41: GB | C41: Truck | D41: 13739 | E41: 7707 | F41: 0 | G41: 5882
C42: Long-Wheel Truck | D42: 660 | E42: 469 | F42: 0 | G42: 191
C43: Public Service Buses | D43: 178 | E43: 54 | F43: 0 | G43: 124
C44: Minibus/Wagon | D44: 1772 | E44: 155 | F44: 0 | G44: 300
C45: Delivery Van/Loader | D45: 1948 | E45: 212 | F45: 0 | G45: 502
C46: Total | D46: 18297 | E46: 8597 | F46: 0 | G46: 6999
B47: Total | C47: Truck | D47: =D5+D11+D17+D23+D29+D35+D41 -> 41472 | E47: =E5+E11+E17+E23+E29+E35+E41 -> 43617 | F47: =F5+F11+F17+F23+F29+F35+F41 -> 3119 | G47: =G5+G11+G17+G23+G29+G35+G41 -> 5882
C48: Long-Wheel Truck | D48: =D6+D12+D18+D24+D30+D36+D42 -> 2035 | E48: =E6+E12+E18+E24+E30+E36+E42 -> 1800 | F48: =F6+F12+F18+F24+F30+F36+F42 -> 90 | G48: =G6+G12+G18+G24+G30+G36+G42 -> 191
C49: Public Service Buses | D49: =D7+D13+D19+D25+D31+D37+D43 -> 5559 | E49: =E7+E13+E19+E25+E31+E37+E43 -> 4549 | F49: =F7+F13+F19+F25+F31+F37+F43 -> 1240 | G49: =G7+G13+G19+G25+G31+G37+G43 -> 124
C50: Minibus/Wagon | D50: =D8+D14+D20+D26+D32+D38+D44 -> 12259 | E50: =E8+E14+E20+E26+E32+E38+E44 -> 13642 | F50: =F8+F14+F20+F26+F32+F38+F44 -> 395 | G50: =G8+G14+G20+G26+G32+G38+G44 -> 300
C51: Delivery Van/Loader | D51: =D9+D15+D21+D27+D33+D39+D45 -> 43850 | E51: =E9+E15+E21+E27+E33+E39+E45 -> 50381 | F51: =F9+F15+F21+F27+F33+F39+F45 -> 8178 | G51: =G9+G15+G21+G27+G33+G39+G45 -> 502
C52: Total | D52: =E52+F52 -> 127011 | E52: =E10+E16+E22+E28+E34+E40+E46 -> 113989 | F52: =F10+F16+F22+F28+F34+F40+F46 -> 13022 | G52: =G10+G16+G22+G28+G34+G40+G46 -> 6999

Sheet Returned by SBP
C1: Total
A2: Punjab | B2: Truck
B3: Long-Wheel Truck
B4: Public Service Buses
B5: Minibus/Wagon
B6: Delivery Van/Loader
B7: Total | C7: =SUM(C2:C6) -> 0
A8: Sindh | B8: Truck
B9: Long-Wheel Truck
B10: Public Service Buses
B11: Minibus/Wagon
B12: Delivery Van/Loader
B13: Total | C13: =SUM(C8:C12) -> 0
A14: Balochistan | B14: Truck
B15: Long-Wheel Truck
B16: Public Service Buses | C16: 460
B17: Minibus/Wagon
B18: Delivery Van/Loader
B19: Total | C19: =SUM(C14:C18 ) -> 460
A20: KPK | B20: Truck
B21: Long-Wheel Truck
B22: Public Service Buses
B23: Minibus/Wagon
B24: Delivery Van/Loader
B25: Total | C25: =SUM(C20:C24) -> 0
A26: ICT | B26: Truck
B27: Long-Wheel Truck
B28: Public Service Buses
B29: Minibus/Wagon
B30: Delivery Van/Loader
B31: Total | C31: =SUM(C26:C30) -> 0
A32: AJK | B32: Truck
B33: Long-Wheel Truck
B34: Public Service Buses
B35: Minibus/Wagon
B36: Delivery Van/Loader
B37: Total | C37: =SUM(C32:C36) -> 0
A38: GB | B38: Truck
B39: Long-Wheel Truck
B40: Public Service Buses
B41: Minibus/Wagon
B42: Delivery Van/Loader
B43: Total | C43: =SUM(C38:C42) -> 0
A44: Total | B44: Truck | C44: =C2+C8+C14+C20+C26+C32+C38 -> 0
B45: Long-Wheel Truck | C45: =C3+C9+C15+C21+C27+C33+C39 -> 0
B46: Public Service Buses | C46: =C4+C10+C16+C22+C28+C34+C40 -> 460
B47: Minibus/Wagon | C47: =C5+C11+C17+C23+C29+C35+C41 -> 0
B48: Delivery Van/Loader | C48: =C6+C12+C18+C24+C30+C36+C42 -> 0
B49: Total | C49: =C7+C13+C19+C25+C31+C37+C43 -> 460

Sheet Processed by SBP
D2: Total Vehicles | E2: Unit Amount | F2: Total Amount Disbursed | G2: Time Updated
B3: Punjab | C3: Truck | F3: =D3*E3 -> 0
C4: Long-Wheel Truck | F4: =D4*E4 -> 0
C5: Public Service Buses | F5: =D5*E5 -> 0
C6: Minibus/Wagon | F6: =D6*E6 -> 0
C7: Delivery Van/Loader | F7: =D7*E7 -> 0
C8: Total | D8: =SUM(D3:D7) -> 0 | E8: =SUM(E3:E7) -> 0 | F8: =SUM(F3:F7) -> 0
B9: Sindh | C9: Truck | F9: =D9*E9 -> 0
C10: Long-Wheel Truck | F10: =D10*E10 -> 0
C11: Public Service Buses | F11: =D11*E11 -> 0
C12: Minibus/Wagon | F12: =D12*E12 -> 0
C13: Delivery Van/Loader | F13: =D13*E13 -> 0
C14: Total | D14: =SUM(D9:D13) -> 0 | E14: =SUM(E9:E13) -> 0 | F14: =SUM(F9:F13) -> 0
B15: Balochistan | C15: Truck | F15: =D15*E15 -> 0
C16: Long-Wheel Truck | F16: =D16*E16 -> 0
C17: Public Service Buses | F17: =D17*E17 -> 0
C18: Minibus/Wagon | F18: =D18*E18 -> 0
C19: Delivery Van/Loader | F19: =D19*E19 -> 0
C20: Total | D20: =SUM(D15:D19) -> 0 | E20: =SUM(E15:E19) -> 0 | F20: =SUM(F15:F19) -> 0
B21: KPK | C21: Truck | F21: =D21*E21 -> 0
C22: Long-Wheel Truck | F22: =D22*E22 -> 0
C23: Public Service Buses | F23: =D23*E23 -> 0
C24: Minibus/Wagon | F24: =D24*E24 -> 0
C25: Delivery Van/Loader | F25: =D25*E25 -> 0
C26: Total | D26: =SUM(D21:D25) -> 0 | E26: =SUM(E21:E25) -> 0 | F26: =SUM(F21:F25) -> 0
B27: ICT | C27: Truck | F27: =D27*E27 -> 0
C28: Long-Wheel Truck | F28: =D28*E28 -> 0
C29: Public Service Buses | F29: =D29*E29 -> 0
C30: Minibus/Wagon | F30: =D30*E30 -> 0
C31: Delivery Van/Loader | F31: =D31*E31 -> 0
C32: Total | D32: =SUM(D27:D31) -> 0 | E32: =SUM(E27:E31) -> 0 | F32: =SUM(F27:F31) -> 0
B33: AJK | C33: Truck | F33: =D33*E33 -> 0
C34: Long-Wheel Truck | F34: =D34*E34 -> 0
C35: Public Service Buses | F35: =D35*E35 -> 0
C36: Minibus/Wagon | F36: =D36*E36 -> 0
C37: Delivery Van/Loader | F37: =D37*E37 -> 0
C38: Total | D38: =SUM(D33:D37) -> 0 | E38: =SUM(E33:E37) -> 0 | F38: =SUM(F33:F37) -> 0
B39: GB | C39: Truck | F39: =D39*E39 -> 0
C40: Long-Wheel Truck | F40: =D40*E40 -> 0
C41: Public Service Buses | F41: =D41*E41 -> 0
C42: Minibus/Wagon | F42: =D42*E42 -> 0
C43: Delivery Van/Loader | F43: =D43*E43 -> 0
C44: Total | D44: =SUM(D39:D43) -> 0 | E44: =SUM(E39:E43) -> 0 | F44: =SUM(F39:F43) -> 0
B45: Total | C45: Truck | D45: =SUM(D39,D33,D27,D21,D15,D9,D3) -> 0 | E45: =SUM(E39,E33,E27,E21,E15,E9,E3) -> 0 | F45: =SUM(F39,F33,F27,F21,F15,F9,F3) -> 0
C46: Long-Wheel Truck | D46: =SUM(D40,D34,D28,D22,D16,D10,D4) -> 0 | E46: =SUM(E40,E34,E28,E22,E16,E10,E4) -> 0 | F46: =SUM(F40,F34,F28,F22,F16,F10,F4) -> 0
C47: Public Service Buses | D47: =SUM(D41,D35,D29,D23,D17,D11,D5) -> 0 | E47: =SUM(E41,E35,E29,E23,E17,E11,E5) -> 0 | F47: =SUM(F41,F35,F29,F23,F17,F11,F5) -> 0
C48: Minibus/Wagon | D48: =SUM(D42,D36,D30,D24,D18,D12,D6) -> 0 | E48: =SUM(E42,E36,E30,E24,E18,E12,E6) -> 0 | F48: =SUM(F42,F36,F30,F24,F18,F12,F6) -> 0
C49: Delivery Van/Loader | D49: =SUM(D43,D37,D31,D25,D19,D13,D7) -> 0 | E49: =SUM(E43,E37,E31,E25,E19,E13,E7) -> 0 | F49: =SUM(F43,F37,F31,F25,F19,F13,F7) -> 0
C50: Total | D50: =SUM(D44,D38,D32,D26,D20,D14,D8) -> 0 | E50: =SUM(E44,E38,E32,E26,E20,E14,E8) -> 0 | F50: =SUM(F44,F38,F32,F26,F20,F14,F8) -> 0
